week,sentiment_mean,sentiment_std,subjectivity_mean,subjectivity_std,counting
2024-51,0.14485899819333284,0.8921961698569628,-0.17559594391684072,0.7685320610812502,22.0
2024-52,-0.2603484782257117,0.9037853437583504,0.10642341114264393,0.9604337326180157,6.0
2024-53,0.8187357207166936,0.7732301915501651,0.7488503493028413,2.1385025139074543,3.0
2025-00,0.269773184834179,0.31680220857437275,-0.01264320061800267,1.0193409940091782,4.0
2025-01,0.09283979723410853,0.8501360755763319,-0.14188756684612805,0.9070186031766959,44.0
2025-02,0.758177571106509,1.3013131609232618,-0.2954750857124623,0.560111160996245,8.0
2025-03,0.1503842212624373,0.9772997602602691,0.5208827992108855,1.516007127026063,7.0
2025-04,-0.1208982707722253,0.9213645320519854,-0.3419514281010083,0.6351313564341802,22.0
2025-05,-0.08179681166735513,1.042999650591708,0.12790308362038555,1.0995062991437974,107.0
2025-06,0.16947372134655772,0.9564054153683108,-0.4584977552557561,0.27460954879296395,21.0
2025-07,0.24894107766994297,0.6361274911655659,0.2104443868808442,1.2729766746487092,13.0
2025-08,-0.04220341657782001,1.3722051487844296,-0.1480351184439022,0.6540770119234923,5.0
2025-09,0.06671416475406787,0.9310767725897151,-0.24480086761145453,0.3286858008624324,10.0
2025-10,-0.39274039514776776,0.9782713553166105,-0.32478949011703384,0.5842589977669453,19.0
2025-11,1.4043395213604262,1.0,0.21139808635081672,1.0,1.0
2025-12,-0.12053040897061806,1.1152745550356093,0.04060992217576178,1.0818593797268616,199.0
2025-13,-0.45281024895675126,0.8623539684537057,0.20802734759851876,1.096202076553395,124.0
2025-14,-0.22545079507378457,1.0291378415444372,0.17483986796429393,0.9220420242413843,23.0
2025-15,0.1764057451931618,1.1560481491351051,0.0025160249206315124,1.0848202643471048,13.0
2025-16,0.08773172560352696,0.9994931495325948,-0.08956030510925313,0.8224796345896019,77.0
2025-17,-0.05872316794657184,0.7904671809621082,-0.4295036458212034,0.3211345870013148,16.0
2025-18,0.5447253828087286,0.8010383040101761,0.02432260525408549,1.0520171334206987,7.0
2025-19,0.227318654371925,0.9492370480747433,0.06556665262608456,1.0993141852138444,23.0
2025-20,0.5215231384602995,1.1241225362767602,-0.34221112510854107,0.45812956294960283,22.0
2025-21,1.0569439877980955,0.6614105227299663,-0.45621305393673395,0.08294153173401206,4.0
2025-22,0.4577990021139292,0.9570152689064517,0.213356938498165,1.1473581182745856,33.0
2025-23,-0.37388858651416806,0.6648810429171933,-0.4630334515992096,0.052278594102519234,5.0
2025-24,0.3060835351683557,0.8135633893633859,-0.23462623009292397,0.915579483044748,12.0
2025-25,0.4023093986419337,1.0314588393919362,-0.5306924897343468,0.09617629371675009,4.0
2025-26,0.10442277505079207,0.9181057475440079,-0.20482164548769846,1.0770272123462308,13.0
2025-27,-0.6581401347753775,0.9475325659817236,-0.5479905526880419,0.11246888852090635,8.0
2025-28,0.46849137927773893,1.0109166187466756,-0.5142537403769412,0.07338855992763847,27.0
2025-29,-0.046424128535373296,1.5234973733982624,-0.19285798363581041,0.6485659215316795,5.0
2025-30,0.2789888308112667,0.7455632298558584,-0.08885628981374019,0.949290206990741,108.0
2025-31,0.029052250213105785,0.8033247830070854,-0.31473487157292573,0.5411800965112116,25.0
2025-32,0.4096227635482249,0.9502392221365324,-0.0018252219116901003,0.8631983607873035,11.0
2025-33,0.18110947911061331,0.8729165422902682,-0.1829436074646343,0.7689173031287514,15.0
2025-34,-0.44968250775577295,0.7276106193630354,-0.3688184434982653,0.2586497935471953,4.0
2025-35,-0.2492884263421801,0.9974281646712083,0.727827357485504,1.4228113407901206,112.0
2025-36,0.15474459113448527,1.1684803040047178,-0.2615067302592668,0.5247920007715196,22.0
2025-37,0.5405064326310361,1.0636557666337918,-0.05621898064865014,1.1301019912021937,6.0
2025-38,0.258693629713237,0.5097118015233078,-0.5309769196570454,0.0778455798791061,7.0
2025-39,0.20669100100191481,0.8285693734114443,-0.2669753032896237,0.6618650672789196,46.0
2025-40,-0.16668968046857066,0.949714173602039,0.23813827635468926,1.1278231802932863,25.0
2025-41,-0.4984476806620033,1.319125349635851,0.3287834498042087,1.7789936175127088,8.0
2025-42,0.6863835021098907,0.3733881330286238,0.3800206837337172,0.8046033141495311,5.0
2025-43,-0.1577400282595091,1.06791871728762,-0.281063437678526,0.649363564386626,23.0
2025-44,-0.3524699390488061,1.0604860805228604,0.15381423575976666,1.1742612564831358,39.0
2025-45,0.20227548347113347,0.47123650690162194,-0.36924366417845944,0.2840677795339689,11.0
2025-46,-0.08641499131653728,0.6779766043866795,-0.06817489342525594,0.7552901559815577,13.0
2025-47,0.9654344132158489,0.9567397768761179,-0.48624489419803507,0.14405365141714832,2.0
2025-49,-0.11362410306537632,1.0174713576660268,-0.4263405332290977,0.4390186444767492,46.0
2025-50,0.6910694161659064,0.833314230563459,-0.5161714990305878,0.09015633086968368,5.0
2025-51,0.33628752465034073,0.42284305981750864,-0.44728696391126344,0.16460458264121908,11.0
2025-52,0.5422175651815321,0.398522767623771,0.8378054802573809,1.5344888251515758,3.0
2026-00,0.73203177819499,1.0207211177283038,-0.2571386192044001,0.46346882761488334,19.0
2026-01,-0.03903824053409257,0.444437626880528,-0.36598150283295455,0.21206636076115304,5.0
2026-02,-0.29004937705927275,0.591279311925536,0.1126546662453584,1.6030993789692205,7.0
2026-03,0.19125334349904746,0.84645307987258,-0.28110039994509955,0.48894669367683835,6.0
2026-04,-0.23625672367212838,0.5850657218388422,-0.513099105109069,0.07638507479099409,4.0
2026-05,0.10477880204362905,0.8034767015327294,0.14748160741994612,1.122529982906312,12.0
2026-06,0.0715451569305289,0.9988429653223643,0.13213540940098498,1.582335748021435,7.0
2026-07,0.5520256201310263,0.6170870725575831,0.12249469085975968,0.8003888703137961,3.0
2026-08,0.0421174361163724,0.7738991047341696,0.26582279286635885,0.8442209552510096,10.0
2026-09,0.5565356130308958,1.0101725676762154,-0.2877768502285861,0.4623121628902551,18.0
2026-10,0.30659253275653436,0.62151748879911,-0.04418750577475148,1.0197531105247293,7.0
2026-11,0.5563033098800808,0.7594787210037983,-0.18197821235441097,0.6047280718353374,2.0
2026-12,0.1955928112642787,0.6375994728467892,-0.15846920282906046,0.7593823836223382,11.0
2026-13,-0.08122897287661328,0.8875491263642842,-0.43220841592596626,0.2825511880067878,17.0
2026-14,-0.2180226979082367,0.6181803543054173,-0.6095855327230437,0.0,2.0
2026-15,0.26689495627514254,0.2948456285771556,0.08343387493844304,1.2096797748913681,4.0
2026-16,0.3443506141788264,1.1288230406532611,-0.352745256328372,0.509617748491029,43.0
2026-17,0.7760303975447165,0.6565690276185333,-0.4351562762807838,0.220136167326778,10.0
2026-18,-0.26609623146077593,0.6532530095231928,0.42277029091945645,1.1021578439543427,8.0
2026-19,-0.17514192674021287,0.6089792908301582,-0.46847952475236676,0.09250720338314974,7.0
2026-20,0.37399907116082226,0.848893009392112,-0.2667437090029592,0.5610760632840831,24.0
2026-21,0.6832016482716443,0.5576023729459659,-0.511061098901211,0.10895823815928991,2.0
2026-22,0.7102550959990903,1.196997686354496,-0.3439893248838552,0.5290648150460497,10.0
2026-23,-0.1647890538555063,1.2269139206974387,0.1797191133295398,1.0266777354469905,50.0
2026-24,0.334343041171965,0.9558244374077121,-0.38517203898287794,0.4488681059403608,9.0
2026-25,-0.19356601103246326,0.9948128131915812,0.07372929802606283,0.957719230034894,212.0
2026-26,-0.43195476185393034,1.0976683426233782,0.11281359106779129,1.2354021438294203,95.0
2026-27,-0.20168714951204916,0.7445271848543903,0.5505361697660595,0.9626853411973592,33.0
2026-28,0.20402824137342937,0.9894015112896708,0.11032308146107672,1.1258052746830463,44.0
2026-29,0.3685058392560506,0.7090211733839471,-0.08540569706096712,0.9604781116244969,5.0
2026-30,0.1054143660822395,0.8502551039230642,-0.2774654878951133,0.6397136821818157,71.0
2026-31,0.025432251203709632,1.2870737961552612,0.8056972312279358,1.2885285296146278,14.0
2026-32,0.1618026459874837,0.8512812306533092,0.1596537469319642,1.148917190290643,127.0
2026-33,-0.1500974873181806,1.0147559946276037,-0.23839752927536678,0.7230076468078206,34.0
2026-34,0.33281116525090637,0.5538523696486148,-0.5321814952753079,0.03728314179631719,4.0
2026-35,0.1680077849145573,0.6374442768015122,-0.6864424062943212,0.10869203296609488,2.0
