day,sentiment_mean,sentiment_std,subjectivity_mean,subjectivity_std,counting
2024-12-16,-0.1952169911125723,1.0,-0.4396527606643503,1.0,1.0
2024-12-17,0.3958845777961631,0.681748239931665,0.3589382192279314,1.1321739816767757,7.0
2024-12-18,0.347877717733863,0.9333573755498966,-0.41311622611291243,0.3463091767731712,10.0
2024-12-22,-0.7169635676364691,0.8460376490394311,-0.5430891116852335,0.041392530471455205,4.0
2024-12-25,-0.7163155810271591,0.7344062630610514,-0.5508230661734665,0.05272632477623098,2.0
2024-12-26,0.49592482871992316,1.0,-0.38438358042628634,1.0,1.0
2024-12-29,-0.20846151200662513,1.1289262806923352,0.7081900598763612,1.0995858408923833,3.0
2024-12-30,0.8187357207166936,0.7732301915501651,0.7488503493028413,2.1385025139074543,3.0
2025-01-02,0.021351824765719004,0.048837257087157616,0.501399603198549,1.4353412448860945,2.0
2025-01-03,0.518194544902639,0.22771287148501326,-0.5266860044345545,0.0019184132421286,2.0
2025-01-07,0.1802846514889311,0.941100243111284,-0.2289656362133641,0.672143777074244,31.0
2025-01-08,-0.09941792654059078,0.604519158388078,0.10758017634131281,1.5615306851737918,7.0
2025-01-09,0.2675377382742212,0.8927462723028334,0.6490108942805932,1.848444294389162,2.0
2025-01-10,-0.40021420989534573,0.443628643466219,-0.5280425274471816,1.0,2.0
2025-01-12,-0.27129734441485265,0.11258004323991122,-0.38438358042628634,1.0,2.0
2025-01-13,2.0290832494220155,0.6286729011153339,-0.44192864474661014,0.06998357201897655,2.0
2025-01-14,0.47818594306228496,1.0,-0.5280425274471816,1.0,1.0
2025-01-15,-0.05899906304899941,1.0,-0.5484977694810934,1.0,1.0
2025-01-16,-0.061699386461552264,1.9655723676598378,-0.4368343752484943,0.003985798879098084,2.0
2025-01-17,-0.20615242517071544,1.0,1.0798511839418294,1.0,1.0
2025-01-19,1.9176183880885747,1.0,-0.6095855327230437,1.0,1.0
2025-01-20,-0.6455368202978335,1.1042328524162903,1.5254811937453765,1.0,2.0
2025-01-21,1.0366230112227581,0.23343989564283796,-0.5430891116852335,0.041392530471455205,3.0
2025-01-22,-0.7071067811865469,1.0,,1.0,1.0
2025-01-26,-0.05899906304899941,1.0,2.708200137364752,1.0,1.0
2025-01-27,-1.2814614503430175,1.0,-0.42606690319841917,1.0,1.0
2025-01-29,-0.08520104368120096,1.4819253444841982,0.16839384205323965,1.4874334145390504,4.0
2025-01-30,0.7993955493276773,1.0,-0.5484977694810934,1.0,1.0
2025-02-01,-0.047429101334649365,0.6957318348082656,-0.44702035150531716,0.19582757853900323,8.0
2025-02-02,-0.18218238382145222,0.8926993150487205,-0.4557224127141365,0.20071392526331477,8.0
2025-02-03,0.05542920692780923,0.8345393244758406,0.16782516548715443,0.9062222125808204,18.0
2025-02-04,-0.42446287567105084,0.7345943376237611,0.15448067494423282,1.0460954813451084,22.0
2025-02-05,-0.14579955578678996,0.6697426246139395,0.035332730384572526,1.3850228515488296,18.0
2025-02-06,-0.5170034324767891,0.9486790721144568,0.3294146277247288,1.1399620634492769,28.0
2025-02-07,-0.015141444849829183,1.3682999220268506,-0.18423901011297558,0.9172815540270096,8.0
2025-02-08,-0.08652138777179312,1.0,-0.5280425274471816,1.0,1.0
2025-02-09,1.4080283126448583,1.0505084015074937,-0.04928683291869779,1.1557623483408235,12.0
2025-02-10,0.12351668671639922,0.48938891437274123,-0.16552816385504954,0.6153763979553866,3.0
2025-02-11,-0.2626650280598294,1.10464824466926,-0.44312959758936266,0.2509622283016619,5.0
2025-02-12,0.5905580969473397,1.1428892743803725,-0.5622157722160825,0.08649443758643906,7.0
2025-02-13,0.38054180959078604,1.0,,1.0,1.0
2025-02-14,0.1862565404871939,1.0,-0.5484977694810934,1.0,1.0
2025-02-15,0.15545158483320343,1.4355861550383722,-0.46505646402690315,0.1140886861037383,2.0
2025-02-16,-0.25494248497405186,0.6703928178938199,-0.521800761277841,0.1241464143476281,2.0
2025-02-17,0.5859254611546115,0.6020072343350673,1.3347734562953024,1.658514336540696,4.0
2025-02-18,0.2855597530242227,1.0,-0.4340159898326383,1.0,1.0
2025-02-19,-0.4585786831905388,0.6658857081921098,-0.07511322042931827,0.8924992960522288,3.0
2025-02-20,0.38054180959078604,1.0,,1.0,1.0
2025-02-21,0.5230246116897592,0.762818094641061,-0.5747255520102259,0.11781961527443104,2.0
2025-02-23,0.2780587143339509,0.4163840002815814,-0.5024772137350175,0.015645035426712035,2.0
2025-02-24,1.7036331624580652,1.0,-0.590397929256624,1.0,1.0
2025-02-26,0.2314848524254327,1.2755180232501329,-0.3924427864003347,1.0,2.0
2025-02-27,-0.991740754013236,1.0,0.8247162317139882,1.0,1.0
2025-03-01,-1.3858791961847945,1.0,-0.4340159898326383,1.0,1.0
2025-03-03,0.13205040781051586,1.1887834044783554,-0.40046744458755057,0.26717851789371194,4.0
2025-03-04,0.43826861416402224,0.28982225355949925,-0.21700799491631914,0.3068956495540502,2.0
2025-03-06,-1.2462141259188735,1.0,-0.33333333333333326,1.0,1.0
2025-03-09,0.16953897129648146,0.845529563589159,-0.026263191532790473,0.45518337778903056,3.0
2025-03-10,-1.3858791961847945,1.0,-0.4340159898326383,1.0,1.0
2025-03-13,-0.15980509622546102,0.8770696917827356,-0.24078900030239114,0.7914115741213574,11.0
2025-03-14,-0.5296781497211862,1.494680574049582,-0.42160788748105027,0.024816204703175967,4.0
2025-03-15,-0.4712101247470231,0.6432421538102762,-0.46271524646276196,0.040586877956346856,2.0
2025-03-16,-1.25719940476393,1.0,-0.3924427864003347,1.0,1.0
2025-03-21,1.4043395213604262,1.0,0.21139808635081672,1.0,1.0
2025-03-25,0.10021943722693476,0.28567952619983433,-0.5034127288704967,0.08625015438981196,4.0
2025-03-28,0.26298512374673483,0.9459181369154561,-0.05721361901428555,1.0088377529533128,110.0
2025-03-29,-0.5138581032415066,1.1571105533922061,0.4894063370629901,1.3773837802104392,49.0
2025-03-30,-0.7815484913157706,1.1282570080996166,-0.2108996387793478,0.6619771857515032,36.0
2025-03-31,-0.35614303350503385,0.9661024856307232,-0.025017740861710176,1.044555593569207,34.0
2025-04-01,-0.16326923040165994,0.7663440523148616,0.26144263066853185,1.1761354757728975,25.0
2025-04-02,-0.7134189812567434,0.898592207143061,-0.10145745339935447,0.8475039454055158,31.0
2025-04-03,-0.6682946145903482,0.6905945615148704,1.2798644437928157,1.2551880925479435,10.0
2025-04-04,-0.5751537623379933,0.7978607362902161,-0.04214049925894255,0.790483938867773,10.0
2025-04-05,-0.34900425753277126,0.8628004757494774,1.1824077690421793,1.085288386737851,9.0
2025-04-06,-0.45327329307742137,0.5345705503170022,0.011314081614520766,0.7439065231745147,5.0
2025-04-07,-0.28248612084879426,0.7769495922434803,0.45800152866661215,1.1489478412640932,10.0
2025-04-08,-1.3714665728721922,1.0,-0.4914145030928856,1.0,1.0
2025-04-09,0.27877616665346894,0.9498749364715214,-0.12243174822997312,0.5988900073543851,6.0
2025-04-10,-2.466065946325933,1.0,-0.6095855327230437,1.0,1.0
2025-04-11,-1.0997212456188759,1.1286028827302574,-0.25897450541724665,0.4654625175567454,2.0
2025-04-13,0.6679369774353203,0.3660603885660635,0.5982804041809668,0.868124333506611,3.0
2025-04-14,0.34484989834760704,1.239736107331485,-0.08481711049674867,0.7325284787139096,4.0
2025-04-16,-0.6135117879076463,1.0,-0.6095855327230437,1.0,1.0
2025-04-17,0.8475719761207045,1.0,-0.4340159898326383,1.0,1.0
2025-04-18,-1.5818846551343093,1.0,-0.5253294814219273,1.0,1.0
2025-04-19,0.016706292596956718,1.0782261828516633,0.3485899669120412,1.2686736434457508,2.0
2025-04-20,0.5570717439620032,1.3358907647871203,0.31093195902718274,1.7709055818517334,4.0
2025-04-21,-0.6437256849543984,1.0,-0.4765828278643772,1.0,1.0
2025-04-22,1.1622733496757023,1.186347917031235,0.4555641721438523,1.419958015308661,2.0
2025-04-23,0.32126154689243414,0.9187883696821002,-0.19801357271142458,0.851777751953735,42.0
2025-04-24,-0.4524033927355471,0.9628269694318012,-0.03584550750451249,0.6830219693017073,24.0
2025-04-25,0.03828418233626807,0.41969488724570914,-0.01137122360352373,0.9795149534131402,4.0
2025-04-26,0.39758190674388105,1.5179715196236228,0.12106901648209667,0.9894319444603084,3.0
2025-04-27,1.0933358636687527,1.0,1.52845106912012,1.0,1.0
2025-04-29,1.357335248555625,1.0,-0.42606690319841917,1.0,1.0
2025-04-30,0.47818594306228496,1.0,-0.5280425274471816,1.0,1.0
2025-05-02,-0.18380396102372798,0.7510448333699294,-0.421407395525331,0.35779818300130545,13.0
2025-05-03,-0.38564038545459595,1.0,-0.4396527606643503,1.0,1.0
2025-05-05,2.0311311028559995,1.0,-0.5280425274471816,1.0,1.0
2025-05-06,0.708126039088862,0.2871864216886787,-0.6065948993763872,0.022905974812720976,2.0
2025-05-09,0.10312287360029859,0.25223680175621477,1.562687709352901,0.08865380876097534,2.0
2025-05-10,-0.47642120009114736,1.0,-0.5881062079697837,1.0,1.0
2025-05-11,0.6358699515179276,1.0,-0.6257786477574638,1.0,1.0
2025-05-12,0.7549715033110879,1.0,-0.6257786477574638,1.0,1.0
2025-05-13,0.35272584015880004,0.771646196279696,0.1747000547714802,1.168773981544464,9.0
2025-05-14,-0.19409400562403936,1.3962661907983511,-0.2841005137550017,0.4910457658573561,6.0
2025-05-15,0.26299943508100054,0.8720700255652856,-0.526778538073452,0.04106700191402779,5.0
2025-05-16,0.05588498042659893,1.0,2.4184894550933924,1.0,1.0
2025-05-17,1.0925068637266215,1.0,2.4815174830179645,1.0,1.0
2025-05-19,-0.2601196815126758,1.1860394904476457,-0.3050882513857129,0.38970572269924436,4.0
2025-05-21,-0.26299242865744255,0.7487032181597472,0.8830000970054787,0.665171872195826,2.0
2025-05-22,0.9426556337655032,0.7151844392944725,-0.507781201918825,0.07941099235980072,10.0
2025-05-23,1.2079662333558483,0.5584963316381876,-0.5034127288704967,0.08625015438981196,4.0
2025-05-24,-2.3877895756442844,1.0,-0.4914145030928856,1.0,1.0
2025-05-25,1.1693409340580372,1.0,-0.4914145030928856,1.0,1.0
2025-05-27,0.38406805458993865,1.0,-0.5280425274471816,1.0,1.0
2025-05-28,0.5941556945961461,1.0,-0.38438358042628634,1.0,1.0
2025-05-30,1.607600604730441,1.0,-0.5280425274471816,1.0,1.0
2025-05-31,1.6419515972758563,1.0,-0.38438358042628634,1.0,1.0
2025-06-03,0.35246218428646664,0.935577575341354,0.4112925339048725,1.2293708635124894,25.0
2025-06-04,0.607647507529127,1.0,-0.6095855327230437,1.0,1.0
2025-06-06,0.6278983573498095,0.830901612641557,-0.5298973187950511,0.13559667579700038,2.0
2025-06-07,1.6419515972758563,1.0,-0.38438358042628634,1.0,1.0
2025-06-08,0.6976041607733494,1.368748139634366,-0.4670425216470331,0.07356583352050047,4.0
2025-06-09,-0.5130316777383506,0.9442878488996406,-0.42606690319841917,1.0,2.0
2025-06-11,-0.5876856722255589,1.0,,1.0,1.0
2025-06-13,-0.7071067811865476,1.0,,1.0,1.0
2025-06-15,0.4514128763179672,1.0,-0.5,1.0,1.0
2025-06-16,-0.4743265854693124,0.24989868394130002,-0.490093006173017,0.07047295049782046,4.0
2025-06-17,0.9244344491098471,1.0,-0.5253294814219273,1.0,1.0
2025-06-20,0.7770405917717346,0.7536702799053636,0.02693354134863224,1.2949333265319742,6.0
2025-06-21,-0.01636923584273662,1.0,-0.4914145030928856,1.0,1.0
2025-06-23,-0.9401305302538258,1.0,-0.4765828278643772,1.0,1.0
2025-06-24,0.13527371765468946,1.0,-0.6580366009275662,1.0,1.0
2025-06-25,1.0996620904131882,1.0,-0.4396527606643503,1.0,1.0
2025-06-29,1.314432316753683,1.0,-0.5484977694810934,1.0,1.0
2025-06-30,-0.3946269820500398,0.6186104450980263,0.8096948070631896,2.21185412542275,3.0
2025-07-01,0.7235153760097324,0.6783022324536504,-0.590397929256624,0.0,2.0
2025-07-02,0.0017628162117025632,1.1728171746287293,-0.5463657877949235,0.19534331211536046,3.0
2025-07-03,0.5403689216964609,0.0628534390547906,-0.4091997851294623,0.03509541325785844,2.0
2025-07-05,0.8284790676977112,0.2957350961562028,-0.5097285152700336,0.025899924402388728,2.0
2025-07-06,-1.6486381576325004,1.0,-0.4340159898326383,1.0,1.0
2025-07-07,-0.5485523893806568,1.0,-0.590397929256624,1.0,1.0
2025-07-08,-1.0567713258577671,1.0,-0.4765828278643772,1.0,1.0
2025-07-10,0.23159254895026235,0.8060195653246152,-0.5237102084013344,0.1013173130372013,3.0
2025-07-12,-2.0427765998040592,1.0,-0.4340159898326383,1.0,1.0
2025-07-13,-1.155899205005662,0.16387585424855172,-0.655898524673346,0.1518876046019962,2.0
2025-07-14,-0.08652138777179312,1.0,-0.5280425274471816,1.0,1.0
2025-07-16,-0.03974662488108419,0.09738945580865191,-0.5076873400908829,0.08091520996458831,6.0
2025-07-17,0.5427000574499935,1.1209679452750136,-0.48607027710976897,0.08882190385652107,3.0
2025-07-18,0.9053022732385504,1.5923245586288828,-0.5195631614093819,0.07633194441451166,8.0
2025-07-20,0.4559722243665405,0.5978589480239986,-0.5217742555089521,0.07678347760568775,9.0
2025-07-21,1.311619919923002,0.005967643616331753,-0.4552994088485077,0.030099299825912057,2.0
2025-07-22,-0.3810495191067935,1.0,0.9657659300580307,1.0,1.0
2025-07-23,-0.08652138777179312,1.0,-0.5280425274471816,1.0,1.0
2025-07-25,-2.3877895756442844,1.0,-0.4914145030928856,1.0,1.0
2025-07-29,-0.6314704282064161,0.49646284755948483,0.17547172597280708,0.9981308726884288,5.0
2025-07-30,0.25278011006063433,0.6554082927547472,-0.2012414660127258,0.8080856543484981,79.0
2025-07-31,0.5299419628250567,1.0274858332362817,0.20717691593292725,1.328756597644214,19.0
2025-08-03,0.7503052288420553,0.388039833013875,0.41598857880501566,1.3547043374606058,5.0
2025-08-04,-0.9307177329038429,0.7708557773050768,-0.41604777353234246,0.033382492941727786,2.0
2025-08-05,0.04483453556437425,0.3694498275706851,-0.034760260486881966,0.7691108761442161,11.0
2025-08-06,2.148291120204029,1.0,-0.3924427864003347,1.0,1.0
2025-08-07,0.03534756850345627,1.0,-0.590397929256624,1.0,1.0
2025-08-08,1.2850559029579272,1.0,-0.5253294814219273,1.0,1.0
2025-08-10,-0.152681417970911,0.8153011353562978,-0.5406409520819807,0.051454100885219366,9.0
2025-08-11,0.5265579757897169,0.9144168128163265,0.05284203284525023,0.8895927994166928,10.0
2025-08-17,-0.7597293588666947,1.0,-0.5484977694810934,1.0,1.0
2025-08-18,0.015416514543989235,0.9753316629117126,0.7394243152056668,1.8174817397121523,2.0
2025-08-20,-1.0721464783365162,0.36723990661894673,-0.5024772137350175,0.015645035426712035,3.0
2025-08-21,0.5310747348975209,0.6873811358661561,0.004614620152446791,0.7470410058858977,4.0
2025-08-22,0.6296582754984478,0.5595260082596987,-0.5089271980093276,0.06973009319679728,6.0
2025-08-27,-0.21821789023599236,1.0,-0.5773502691896256,1.0,1.0
2025-08-29,0.175,1.0,0.0,1.0,1.0
2025-08-31,-0.8777560703935497,0.8820167716722643,-0.4489617524017179,0.09132732664091733,2.0
2025-09-01,-0.05801028222266613,0.9024865980492273,0.667554699495936,1.3923146860645805,55.0
2025-09-02,-0.33682029193494195,0.7882590389750448,0.6162258176168228,1.4468811904993093,26.0
2025-09-03,0.2644718850404984,1.3418270120648152,1.8171817277270361,2.181134666543566,7.0
2025-09-04,-0.7468191869223368,1.400240566355418,0.6743139452796564,1.0812821623099376,15.0
2025-09-05,-0.8948228960417496,0.6290225270638732,0.7688213814741566,1.577654815270762,6.0
2025-09-06,-0.417496217655661,0.4036028268070844,0.443791581977845,0.7767612475215475,3.0
2025-09-08,-1.2847271599714347,0.3020230615341986,0.2687084223189863,1.0017739920336841,2.0
2025-09-09,1.2818779245405514,0.6138472495537444,-0.18131139536891794,0.6417564652017942,8.0
2025-09-10,0.8475719761207045,1.0,0.5449979602591823,1.0,1.0
2025-09-11,-1.185418641691095,0.0,-0.4396527606643503,0.0,2.0
2025-09-12,-1.0472435104469353,2.0241802272566076,-0.5688140300851127,0.05765961198889252,2.0
2025-09-13,-0.09477653475250135,0.1533148369411974,-0.48116258945010787,0.08109606311012656,7.0
2025-09-15,-1.1963378152751971,1.0,2.2411299364011743,1.0,1.0
2025-09-16,1.4078253237278187,1.0,-0.6580366009275662,1.0,1.0
2025-09-18,0.757887771833399,0.7525355722698704,-0.4801018048413772,0.09477950422819414,4.0
2025-09-22,0.7503271087697172,1.0,-0.590397929256624,1.0,1.0
2025-09-23,-0.01636923584273662,1.0,-0.4914145030928856,1.0,1.0
2025-09-24,0.07292593045615159,0.9377672582852833,-0.5578637053392757,0.046010340705197224,2.0
2025-09-25,0.35597442576797445,0.5220650777011081,-0.4548565309241068,0.09966380237446544,2.0
2025-09-28,0.21909682261742644,1.0,-0.6095855327230437,1.0,1.0
2025-09-29,-0.22412339787132718,1.0,1.5906516461534852,1.0,1.0
2025-09-30,0.44152060486892014,0.49709597970048003,-0.5222181959646941,0.06336078122815512,8.0
2025-10-01,0.3408864676224212,0.7942707593364247,-0.11824189014851244,0.8082269391521373,23.0
2025-10-02,-0.11323237428131709,1.0743550436989338,-0.4946114292119801,0.08719667663170502,12.0
2025-10-04,-0.140927829465917,0.2783353449987537,-0.5194347028995383,0.008336475733548093,2.0
2025-10-07,-1.1568564236793697,1.0,-0.5457293476275199,1.0,1.0
2025-10-08,-0.9773183877414803,1.0,-0.5135399243771493,1.0,1.0
2025-10-09,-2.973388062895383,1.0,-0.6580366009275662,1.0,1.0
2025-10-10,0.15757295958828263,0.7732038661956565,0.346949515129055,1.298540019840377,17.0
2025-10-11,-0.4542267570370411,0.3596513600542923,0.5660088819246043,0.36616219696965024,4.0
2025-10-12,0.07848757774932527,1.0,-0.4914145030928856,1.0,1.0
2025-10-13,0.44829019830812017,0.9079299027688058,-0.4587407031456524,0.046207731019642546,2.0
2025-10-15,0.06586406581377983,1.0,0.36034227427330656,1.123392230481776,2.0
2025-10-16,-2.446153604134615,1.0,-0.5484977694810934,1.0,1.0
2025-10-17,-1.1471709260426348,1.4999849619473853,1.9818342168146192,3.54566490513561,2.0
2025-10-19,0.2889172291558415,1.0,-0.5881062079697837,1.0,1.0
2025-10-20,0.8894663735400434,1.0,0.5444512345894479,1.0,1.0
2025-10-22,0.6057736515261002,0.4977132656503899,0.5800119215018081,0.9638996840669888,3.0
2025-10-26,0.7251301824311098,1.0,-0.38438358042628634,1.0,1.0
2025-10-27,1.1172315265243367,0.2346835892048478,-0.4320314372599477,0.054471928086018896,3.0
2025-10-28,-0.4255887986497536,1.1128654612089754,-0.3605729512225935,0.31310248539672986,5.0
2025-10-29,-0.3755215474002064,0.5069580929683755,-0.5393274656257205,0.03462409050832135,4.0
2025-10-30,-1.106846162980686,1.4337208588329564,-0.5034127288704967,0.08625015438981196,4.0
2025-10-31,-0.9569105684806668,1.0,-0.4396527606643503,1.0,1.0
2025-11-01,-0.03218039633296853,1.0,2.239076912795744,1.0,1.0
2025-11-02,0.41335811400885064,0.6660874863830273,-0.19879267457196217,0.6852344155494604,5.0
2025-11-03,-0.435789682973391,1.0602499419059954,0.26826473981243054,1.2615329916569105,30.0
2025-11-04,0.21431105443580772,1.5356866078184694,-0.4691732433599586,0.04798825624177125,4.0
2025-11-05,-0.05899906304899941,1.0,-0.5484977694810934,1.0,1.0
2025-11-06,0.46438182400946687,1.0,-0.4340159898326383,1.0,1.0
2025-11-08,-0.42570230718169505,0.5185967012186703,0.62483624683795,1.6304167983661033,2.0
2025-11-09,-1.0838594980420158,1.0,-0.4396527606643503,1.0,1.0
2025-11-11,1.379296906806552,1.0,-0.42029622826067126,1.0,1.0
2025-11-12,0.1598518642923955,0.2911627827090002,-0.18082158339527954,0.44847559955795924,3.0
2025-11-13,0.050959968186123784,0.3049989165003581,-0.5147179692189233,0.08522289598601106,5.0
2025-11-14,0.05568898878405551,0.3615988356878735,-0.26266474071096363,0.3714640386706572,2.0
2025-11-21,-0.10207352473861668,0.7056639507194732,-0.09772016185751027,0.7809890388208375,12.0
2025-11-22,0.10148740974841561,1.0,0.2863683277617961,1.0,1.0
2025-11-27,1.6419515972758563,1.0,-0.38438358042628634,1.0,1.0
2025-11-29,0.2889172291558415,1.0,-0.5881062079697837,1.0,1.0
2025-12-08,-0.28819561587155007,1.2066644020602502,-0.4340592804434827,0.4387056172291775,23.0
2025-12-09,-0.4314654404711402,0.7001893627953436,-0.5051661280116109,0.07532822923287977,7.0
2025-12-10,-0.14867352269840714,0.4080555630294672,0.17584412260576046,1.2497169095628382,3.0
2025-12-11,0.03534756850345627,1.0,-0.590397929256624,1.0,1.0
2025-12-12,0.4714570267473199,0.7759996840614948,-0.49825225921242544,0.07064565921867741,11.0
2025-12-14,-0.3533057872924315,1.0,-0.5484977694810934,1.0,1.0
2025-12-15,0.38356718769997167,0.18831704011298853,-0.5012389823440654,0.1144703406005662,2.0
2025-12-16,1.0656352838866587,1.0,-0.42029622826067126,1.0,1.0
2025-12-20,-0.28046834369761714,1.0,-0.6095855327230437,1.0,1.0
2025-12-21,1.9030457652405475,1.0,-0.5484977694810934,1.0,1.0
2025-12-22,0.3701982431393389,1.0,-0.5484977694810934,1.0,1.0
2025-12-23,0.4195644137225351,1.0,-0.5253294814219273,1.0,1.0
2025-12-27,0.28744432023968924,0.38919001483579296,-0.41858482337030706,0.20327698908795963,7.0
2025-12-28,0.4486449363070246,0.9105582700524754,-0.4581177942643637,0.026113500946813934,2.0
2025-12-29,0.18328405470391876,1.0,0.6993996651406947,1.0,1.0
2025-12-30,0.7216843204203388,0.3526909344076564,0.907008387815724,2.1634642716123036,2.0
2026-01-01,1.325246939313402,1.0,-0.5280425274471816,1.0,1.0
2026-01-02,0.66514654740661,1.0809222772743954,-0.17569483181734022,0.5184213459740584,14.0
2026-01-03,0.8178262956747165,1.0199023315832434,-0.4744658979984143,0.07614591384115696,4.0
2026-01-06,0.35598108838881226,0.25594590973250214,-0.2457072515464428,0.34748252751039704,2.0
2026-01-07,-0.05270878902380241,1.0,-0.42606690319841917,1.0,1.0
2026-01-10,-0.4272222952121425,0.333091223369796,-0.45621305393673395,0.10158221561659404,2.0
2026-01-13,-0.20329733787019355,0.8394742336991461,-0.495795999567249,0.05352025183788133,3.0
2026-01-18,-0.3551134064510821,0.4650169565310103,0.568992665604814,2.118979531250396,4.0
2026-01-19,0.7791273381442542,1.0,-0.5135399243771493,1.0,1.0
2026-01-21,-0.9120483380442046,1.0,-0.3924427864003347,1.0,1.0
2026-01-23,-0.10246909406336092,0.19490219332298933,-0.5334903785605006,0.0804794299958922,2.0
2026-01-24,0.7426896245104785,1.0958316925531255,0.1431805341139441,0.7968764794322627,2.0
2026-01-27,-0.43797443491098725,0.9292390838422273,-0.5674575070724854,0.059578025231021126,2.0
2026-01-28,-0.03453901243326951,0.025695944479620796,-0.4587407031456524,0.046207731019642546,2.0
2026-02-03,0.38134498183769416,1.0028397266488878,0.18789800983410682,1.0124928176758785,3.0
2026-02-04,1.202315469422852,1.0,-0.5484977694810934,1.0,1.0
2026-02-05,-0.050608468716822785,1.264535672713564,1.0771806355505826,2.3854475917246605,2.0
2026-02-06,-0.16463130882979007,0.5609033535603458,-0.05989363994481308,0.8259384864691547,6.0
2026-02-09,0.8523551164089145,1.228561760918067,3.3619657710969486,1.0,2.0
2026-02-11,-1.0913617031078626,0.42318648309201334,-0.5194347028995383,0.008336475733548093,2.0
2026-02-12,0.3262764239705329,0.2991451531184808,-0.5100946362973208,0.0172179832218991,3.0
2026-02-16,0.8280384301965394,0.5518101868521544,0.18374203628963953,1.121934607502214,2.0
2026-02-21,0.0,1.0,0.0,1.0,1.0
2026-02-23,0.3379685130450938,1.0,-0.4396527606643503,1.0,1.0
2026-02-24,0.7071067811865477,1.5700924586837752e-16,,1.0,2.0
2026-02-26,-1.1854186416910952,1.0,-0.4396527606643503,1.0,1.0
2026-02-27,-0.018576056707913503,0.8491280182181312,0.6863909534915982,0.8109365566362874,5.0
2026-03-01,-0.05270878902380241,1.0,-0.42606690319841917,1.0,1.0
2026-03-02,0.9333398878623758,1.1272823286590354,-0.2900049130526451,0.41536279576429663,4.0
2026-03-04,0.015729294927240893,0.6987357938905079,-0.4227964175495913,0.32701856324087386,9.0
2026-03-05,-0.4898837669389917,1.0,-0.5280425274471816,1.0,1.0
2026-03-08,1.6581503989251114,0.40003886611640527,0.0777546426663686,0.6983005121454536,4.0
2026-03-09,0.3648100321925485,0.6198309581660428,-0.45621305393673395,0.10158221561659404,3.0
2026-03-10,0.4337266118405679,1.0,-0.4340159898326383,1.0,1.0
2026-03-11,-0.7876453290655346,1.0,-0.4396527606643503,1.0,1.0
2026-03-12,0.6265090117988078,1.0,2.034509748099097,1.0,1.0
2026-03-13,0.7791273381442542,1.0,-0.5135399243771493,1.0,1.0
2026-03-20,0.019270756091409012,1.0,0.24562910801422178,1.0,1.0
2026-03-22,1.0933358636687527,1.0,-0.6095855327230437,1.0,1.0
2026-03-26,0.2651803759527135,0.4074495967845453,0.09841879261391569,0.965836502953696,6.0
2026-03-27,0.3337558953993536,1.1770136679254937,-0.5687084466450584,0.0375672858731133,3.0
2026-03-28,-0.22041450900363796,0.17912785862899136,-0.3137743234339919,0.38796387170188673,2.0
2026-04-01,0.47507750020881806,1.1375338510418658,-0.45031007147897084,0.09589061458822265,4.0
2026-04-02,-0.18955347651637094,0.811019186907448,-0.5192959403774592,0.07762765978496487,9.0
2026-04-03,0.13527371765468946,1.0,0.6156821126316504,1.0,1.0
2026-04-04,-0.570164989581683,0.8223029907575886,-0.49610714468668654,0.10410765743594068,3.0
2026-04-06,0.21909682261742644,1.0,-0.6095855327230437,1.0,1.0
2026-04-07,-0.6551422184338999,1.0,-0.6095855327230437,1.0,1.0
2026-04-13,0.605311761846597,1.0,1.897934386974776,1.0,1.0
2026-04-15,0.15408935441799104,0.23248719142021987,-0.521399629073668,0.006806703933428967,3.0
2026-04-20,0.3858569915418696,1.0589629089688977,-0.3554540888260508,0.379185484651181,26.0
2026-04-21,-0.11479813495245857,1.0,-0.590397929256624,1.0,1.0
2026-04-22,-0.47153184818570226,1.0219391959649273,-0.12150973352914882,1.0303738820376078,8.0
2026-04-23,-1.1230937754140469,1.0,-0.5821817364274595,1.0,1.0
2026-04-24,1.458419208955522,0.8043378066906367,-0.4895333810629251,0.08088571151332924,5.0
2026-04-25,1.3391491210351392,1.0,-0.5253294814219273,1.0,1.0
2026-04-26,1.1536961596403001,1.0,-0.5773502691896257,1.0,1.0
2026-04-27,0.6384007730336724,0.7506050599629591,-0.4805087863775655,0.09319596322180111,6.0
2026-04-29,0.9265521431904414,0.6787246815005954,-0.5367981197601726,0.06418212620041887,2.0
2026-04-30,1.4291665915625509,1.0,-0.5457293476275199,1.0,1.0
2026-05-03,0.6476284593016967,1.0,0.1508155426054201,1.0,1.0
2026-05-04,0.40000435130620304,0.48665828137323325,0.9465799868357325,2.0815943325953534,2.0
2026-05-05,-0.8051178263801337,1.0,-0.5135399243771493,1.0,1.0
2026-05-06,-0.781500522793769,0.37436679864065975,-0.09562775972800291,0.7268460530566592,3.0
2026-05-10,0.11042042023141363,0.46006586201204114,0.8855137532989427,0.1897503925759071,2.0
2026-05-12,0.17069922736788162,0.3712759832401389,-0.4701910551150986,0.09955992007795976,4.0
2026-05-14,-0.9753839723345639,0.0725061919798521,-0.46505646402690315,0.1140886861037383,2.0
2026-05-16,0.04197754801611136,1.0,,1.0,1.0
2026-05-18,-0.0005630560866323543,0.19677600400359993,-0.058585781138661676,0.9139274494523857,7.0
2026-05-19,-0.4394634695430919,1.0,0.41265255552125857,1.0,1.0
2026-05-20,0.2958753667127264,0.8027740049024076,-0.5118760526219014,0.07705489013557316,5.0
2026-05-21,0.6056145841953379,1.1141482832503873,-0.29864629419846156,0.37308718277280617,8.0
2026-05-22,0.7565105200683008,1.1042232243090897,-0.5080988631300489,0.10476900415676572,2.0
2026-05-23,1.5820680227463146,1.0,-0.4396527606643503,1.0,1.0
2026-05-25,1.0774860673874471,1.0,-0.4340159898326383,1.0,1.0
2026-05-29,0.2889172291558415,1.0,-0.5881062079697837,1.0,1.0
2026-06-02,1.2686293033540725,0.39657275174166406,-0.4670425216470331,0.07356583352050042,3.0
2026-06-03,-0.6834407484849518,0.2678956241108969,0.3146855284786621,1.1879606195983832,2.0
2026-06-06,2.379295813355387,0.6556927221773141,-0.5194347028995383,0.008336475733548093,2.0
2026-06-07,-0.03168235993739471,0.13427837861533495,-0.5430891116852335,0.041392530471455205,3.0
2026-06-08,-0.3190561005010115,1.1326514655599684,-0.11415966746678652,0.7112504511441909,34.0
2026-06-09,-0.5117694623576514,0.6979378511617127,1.1383748213797167,1.2392428653340941,8.0
2026-06-10,0.06049523118569263,1.9600184692438034,1.1185157498995306,1.4784472593030555,3.0
2026-06-14,1.3042249459126423,1.3799593299895652,0.08096770792228108,1.3088475050133948,5.0
2026-06-15,0.3607252486970206,1.3447769573832509,-0.5313647512348129,0.04328460852247776,3.0
2026-06-16,-0.3009396766189224,1.0,-0.4914145030928856,1.0,1.0
2026-06-18,0.2650739931114162,0.9137566339471304,-0.568063638442072,0.03158545697592438,2.0
2026-06-19,1.18765712049182,0.953735880585648,0.14156510514137405,0.9431313689910187,2.0
2026-06-20,-0.6512287186058712,1.0,-0.5280425274471816,1.0,1.0
2026-06-24,0.6415057068027291,0.07342569806362058,-0.513879484317067,0.10497243928019183,2.0
2026-06-25,-0.07570853764121115,1.025474951018359,0.009096451233424604,0.872089117919616,112.0
2026-06-26,-0.2596638895743258,0.9823416767823042,0.06452177483866153,1.0164823360488306,58.0
2026-06-27,-0.5018566434665006,0.9024277326641953,0.34926576859187625,1.2160492001571612,28.0
2026-06-28,-0.39392982702492524,0.8915859641726083,0.176488595900083,0.7900842322894875,12.0
2026-06-29,-0.6010582180699691,0.831119246709103,0.6082034333920935,1.8700817633655407,26.0
2026-06-30,-0.536734494331333,1.3066218495073818,0.07646217166970551,0.8054309055253345,16.0
2026-07-01,-0.28548142586512576,1.3187934206453096,0.08864174519015412,1.2455368365436073,12.0
2026-07-02,-0.305607436778788,0.9246094491652458,-0.35443434875418295,0.42453681332783905,16.0
2026-07-03,-0.47168246324274554,1.2385062131402762,-0.26786595597168633,0.7757754699423685,13.0
2026-07-04,-0.6014325364541654,1.5172339392585148,0.6240414744766738,1.0382748993623092,5.0
2026-07-05,0.06642722143567739,1.0793809210098813,-0.05133064082675842,1.0126444008254318,7.0
2026-07-06,0.10099613564655546,0.8233347961212955,0.9372368486000895,0.9234867431843908,11.0
2026-07-08,-0.40554791961857334,0.777839269215764,0.4744762751377893,0.8766298039317632,6.0
2026-07-09,-0.43767594007674077,0.8465282049134896,-0.2229332011144912,0.4552721133231979,5.0
2026-07-10,-0.12894987759113613,0.5909533296311816,-0.5508230661734665,0.05272632477623098,2.0
2026-07-11,-0.35006813312006546,0.6528014749161156,1.0292927303503934,0.9714627874488617,8.0
2026-07-12,-0.08652138777179312,1.0,-0.5280425274471816,1.0,1.0
2026-07-13,0.41788276193180485,1.4744061090773553,-0.5775703299410789,0.05545195783298345,3.0
2026-07-14,0.4821247544867016,1.239610359016503,0.8777472595071585,1.0,3.0
2026-07-15,0.5664765862555222,1.0,3.4666523214266523,1.0,1.0
2026-07-16,0.2094235168745478,0.7526186765202907,0.023699805420839867,1.116264787625232,9.0
2026-07-17,0.6830097513340206,1.0781781466735538,-0.3154910436534727,0.5658761238335743,10.0
2026-07-18,-0.49615771608564657,0.7469961452554803,0.935770768235791,1.3583367509812119,7.0
2026-07-19,0.04263075748256744,0.990817490202181,-0.14426385087715637,0.8603082948901423,11.0
2026-07-20,1.6367307989134734,1.0,1.6301020533704373,1.0,1.0
2026-07-23,0.05728292421836237,0.0019769910697471217,-0.4765963425207498,0.05224611450396085,2.0
2026-07-24,0.0456162744650276,0.014522143238875625,-0.5519689268168867,0.05434681643874532,2.0
2026-07-28,0.40567890257170647,0.7889574445183998,-0.22072356645058164,0.8069130279743666,24.0
2026-07-29,-0.019918797077955862,0.825541106695785,-0.4878832903678923,0.17892178003416312,15.0
2026-07-30,-0.39510932106125685,0.7073517261007692,-0.07472362095567296,0.7329455084940771,12.0
2026-07-31,0.4782058488784247,0.8281138833043166,-0.23505456945605638,0.7073122321802445,7.0
2026-08-01,0.07841631445102189,0.9493246762585741,-0.30580282338518466,0.5457572103932105,11.0
2026-08-02,-0.7109001310438715,0.6306774372707463,-0.568063638442072,0.03158545697592438,2.0
2026-08-03,0.6680874681864192,1.2611550663451794,0.6867583378323399,1.6136527673432333,7.0
2026-08-04,-0.7173652541017105,1.0760034913031022,1.160644562576268,0.8274386729949517,6.0
2026-08-08,-0.01636923584273662,1.0,-0.4914145030928856,1.0,1.0
2026-08-10,0.4229585256561758,0.8611629619509417,0.3803269194824751,1.2820974694774925,33.0
2026-08-11,-0.03686207290338998,0.8933749596749319,0.7523165612928006,1.3853621205426019,19.0
2026-08-12,-0.45177159159150154,0.8822764856251797,0.8413218562219147,1.2852200172182793,9.0
2026-08-13,-0.29487141653812754,0.3807382318259491,-0.1899261864297324,0.849224369770437,10.0
2026-08-14,0.177257641377278,0.4289433513939786,-0.2209480474458439,0.7398736201873023,7.0
2026-08-15,0.4593146062804516,0.8299257673364002,-0.5173229903189065,0.10087936874853753,26.0
2026-08-16,0.048841709377962686,0.860393461919593,0.08671384794919636,1.1269066106296073,23.0
2026-08-17,-0.24046165372433367,1.0038765639024079,-0.5885925941516335,0.05462435863582612,5.0
2026-08-18,-0.3163334863005502,1.279740662075783,-0.31313863937083614,0.6665646508744937,12.0
2026-08-19,-0.3267399263509794,0.9657996141133627,-0.1627690906852321,0.9463351157659413,5.0
2026-08-20,0.30018633898180297,0.9734314791001183,-0.570195189512991,0.06822607576738703,3.0
2026-08-21,0.20998632850268933,0.8368035932975413,-0.028879887341907957,0.9201851318771843,7.0
2026-08-23,-0.5040020741407878,0.6693703499865363,0.6234798855543751,0.8799205923421256,2.0
2026-08-24,0.4251198935256755,0.6395336294158799,-0.5383953522413608,0.043050863904677446,3.0
2026-08-27,0.05588498042659893,1.0,-0.5135399243771493,1.0,1.0
2026-09-01,0.6187489556694612,1.0,-0.6095855327230437,1.0,1.0
2026-09-02,-0.2827333858403466,1.0,-0.7632992798655986,1.0,1.0
